Month,Region,Category,Product,Revenue,Profit
Apr,South,Clothing,E,5599,2046
May,West,Clothing,A,2445,141
Aug,East,Clothing,B,8727,139
Feb,South,Electronics,D,3113,2027
Apr,North,Furniture,C,2633,2769
Mar,East,Furniture,B,2753,2570
Jun,North,Clothing,C,3848,555
Dec,North,Furniture,E,3458,2823
Aug,North,Clothing,D,6590,1978
Jul,South,Clothing,C,1404,1491
Mar,North,Clothing,D,9651,2886
Dec,West,Furniture,C,4235,473
Jan,East,Clothing,A,6806,378
Dec,East,Furniture,A,9221,2204
Dec,West,Furniture,A,3238,548
Dec,North,Electronics,D,7750,1088
Feb,South,Clothing,B,8665,164
Mar,West,Furniture,D,2482,662
Oct,West,Furniture,D,4646,363
Dec,West,Furniture,C,3304,2236
May,South,Electronics,A,2401,1527
May,South,Electronics,B,4678,2900
Aug,South,Electronics,E,6103,1461
Sep,East,Clothing,C,7789,2851
Mar,East,Electronics,D,4606,1518
Apr,East,Electronics,E,5709,2900
Mar,North,Furniture,B,2004,2333
Aug,North,Furniture,B,1776,2865
Sep,South,Clothing,C,7737,590
May,North,Clothing,E,2992,1400
Mar,West,Furniture,E,8659,2953
Jul,West,Electronics,B,7018,2620
Jan,West,Furniture,E,3502,1928
Aug,South,Furniture,E,3153,627
Jun,West,Furniture,E,7648,1085
Jul,North,Furniture,A,1628,1846
Nov,South,Electronics,E,8803,870
Feb,East,Furniture,D,4921,790
Jan,East,Furniture,D,1116,964
Jun,North,Electronics,A,2329,1247
Nov,North,Furniture,E,3612,1371
May,East,Clothing,A,2444,1761
Jul,North,Electronics,E,7483,2351
Aug,North,Electronics,C,3374,440
Jun,West,Clothing,D,7370,2917
Feb,East,Electronics,A,8398,181
May,East,Electronics,A,9474,1617
Aug,East,Electronics,C,2490,657
Oct,West,Electronics,B,8913,532
Aug,South,Electronics,B,2914,2368
Jun,West,Electronics,B,4442,1539
Nov,West,Clothing,D,5750,355
Jul,West,Furniture,B,2483,1105
Sep,South,Furniture,C,4553,2204
Jan,South,Clothing,E,5803,606
Jun,South,Furniture,B,3842,2215
Oct,South,Furniture,E,2148,2831
Mar,North,Electronics,E,3559,443
Jul,West,Electronics,E,2377,2942
May,North,Clothing,B,3930,1885
Jan,West,Furniture,D,4862,249
Oct,East,Clothing,A,7845,1597
Nov,South,Furniture,C,1665,2110
Nov,North,Electronics,A,6530,2152
May,South,Furniture,B,5467,2108
Mar,North,Electronics,A,7656,2335
May,West,Furniture,D,4761,253
Aug,North,Clothing,C,5051,344
Oct,West,Electronics,B,8044,2310
Aug,South,Clothing,C,8052,2946
Nov,North,Furniture,C,7361,2065
Nov,North,Clothing,B,3178,2126
Sep,North,Clothing,D,6539,769
Nov,North,Clothing,A,5700,105
Nov,East,Furniture,A,8014,2009
Jun,North,Electronics,A,9161,997
Sep,West,Furniture,C,8671,1121
Jan,West,Clothing,A,4558,2629
Dec,North,Electronics,A,3271,1450
Feb,South,Furniture,E,3006,2362
Jun,East,Electronics,B,6538,2574
Oct,East,Electronics,D,9483,444
Jan,North,Clothing,B,7961,869
Jan,West,Furniture,B,1428,2760
Feb,North,Clothing,C,4905,216
Feb,East,Electronics,E,6074,1604
May,West,Electronics,B,6454,2153
Nov,North,Furniture,C,1789,1762
May,East,Clothing,E,5004,1218
Jun,North,Furniture,A,5677,1026
Feb,South,Electronics,D,9219,929
Aug,South,Electronics,C,8183,2191
Feb,South,Clothing,C,3786,2547
Jan,East,Furniture,D,2545,322
Jul,East,Electronics,C,4657,2692
Aug,West,Clothing,C,8833,2270
Mar,West,Electronics,A,1428,1995
Jan,West,Electronics,D,3949,949
Oct,East,Furniture,A,9871,2193
Dec,West,Furniture,A,3065,1892
May,North,Electronics,D,3249,1056
Apr,South,Clothing,E,8580,2736
Mar,West,Furniture,E,1862,1846
Mar,North,Electronics,E,7722,1842
Oct,North,Electronics,D,4646,736
Dec,South,Clothing,B,8227,311
Apr,North,Electronics,D,9842,2911
Mar,North,Electronics,C,7811,2023
Oct,North,Furniture,B,6949,267
Aug,East,Furniture,B,5475,174
Sep,North,Furniture,B,6076,1928
Apr,South,Clothing,A,4468,2743
Apr,West,Electronics,D,1658,405
Jul,West,Clothing,B,7862,2715
May,South,Electronics,E,5752,513
Oct,South,Electronics,A,6375,615
May,West,Clothing,A,6965,2943
Jul,South,Clothing,C,7905,2282
Jul,East,Furniture,B,4260,245
Oct,North,Clothing,C,3801,1203
Jun,North,Furniture,C,4751,2227
Jan,East,Clothing,E,5395,1041
Apr,East,Electronics,C,4467,674
Dec,West,Furniture,E,3600,2143
Dec,East,Furniture,C,4078,1730
Dec,West,Electronics,C,3336,2603
Dec,South,Electronics,C,6880,919
Dec,West,Clothing,A,4462,2227
Apr,West,Furniture,E,1404,999
May,East,Electronics,B,2517,2322
Nov,North,Clothing,E,8241,1639
Mar,West,Electronics,C,2884,2184
Apr,South,Clothing,B,5912,2895
May,West,Furniture,A,7579,1138
Mar,West,Furniture,E,6953,2349
Aug,South,Furniture,E,8062,2957
Sep,West,Electronics,A,1986,2175
Sep,South,Furniture,B,3919,2615
Mar,North,Clothing,A,5727,1816
Aug,West,Electronics,D,9317,767
Apr,West,Furniture,D,3112,2193
Jan,South,Furniture,D,4011,396
May,North,Clothing,E,5255,1868
Feb,West,Clothing,E,5507,2354
Feb,South,Clothing,B,9432,2440
Mar,North,Furniture,E,2236,1760
May,North,Furniture,D,3572,1671
Feb,West,Electronics,D,6094,2354
Aug,North,Electronics,C,4875,2372
Dec,North,Clothing,E,6189,1048
Oct,South,Clothing,E,4402,970
Sep,West,Electronics,E,9891,1934
Jan,South,Clothing,C,7641,1894
Jul,East,Furniture,C,3803,2337
Nov,North,Clothing,D,4085,940
Nov,South,Furniture,A,5634,1530
Jun,East,Clothing,E,4075,927
Apr,West,Furniture,E,6480,1358
Feb,East,Furniture,C,7116,2409
Mar,South,Furniture,B,8307,1243
May,East,Clothing,E,6858,466
Feb,South,Clothing,C,9218,1211
Oct,West,Furniture,D,2441,2891
May,East,Furniture,A,9552,2109
Jul,East,Furniture,E,3261,153
Jun,East,Electronics,D,5561,2799
Jan,East,Electronics,D,3863,1791
Apr,East,Electronics,D,8007,1467
Nov,North,Electronics,E,9973,2875
May,South,Electronics,C,2920,1623
Jul,West,Clothing,B,4503,2090
Jun,East,Electronics,E,3560,2656
May,West,Furniture,C,4326,1058
Oct,West,Clothing,A,8305,2707
Jun,West,Furniture,C,7628,1195
Jul,South,Electronics,E,7837,214
Oct,West,Furniture,E,4395,135
Nov,North,Furniture,D,1893,1334
May,East,Electronics,C,7010,2958
Feb,North,Electronics,A,4545,1249
Sep,East,Electronics,A,4785,1898
Sep,South,Electronics,B,4569,2155
Jan,East,Clothing,E,5088,280
Jul,North,Furniture,C,5658,1040
Jan,North,Electronics,D,1524,2278
Apr,West,Clothing,B,5916,1551
Nov,South,Clothing,D,8483,2015
Jan,North,Electronics,E,9134,496
Mar,West,Furniture,D,4700,2471
May,East,Electronics,A,5788,2118
Feb,South,Electronics,A,9191,1072
Jul,West,Clothing,B,8404,1795
Aug,West,Electronics,D,2911,1420
Jun,East,Clothing,B,9062,1916
Jun,South,Furniture,A,1107,2451
Oct,North,Electronics,B,4086,1651
Sep,East,Furniture,D,2262,2166
Sep,West,Clothing,E,7593,795
Sep,East,Electronics,A,6883,2080
Jun,East,Clothing,E,4607,1094
Apr,South,Electronics,A,6901,2389
Sep,North,Clothing,E,9846,849
Feb,East,Clothing,B,9357,2631
Nov,South,Clothing,A,5284,2393
Mar,East,Furniture,C,7798,1391
Mar,West,Clothing,A,1788,964
Oct,South,Electronics,B,5368,2606
Mar,East,Electronics,B,8116,491
Feb,South,Clothing,C,2748,109
Feb,North,Electronics,B,4776,1657
Oct,West,Furniture,B,5526,870
Aug,West,Clothing,A,8363,1244
Aug,North,Electronics,B,7778,1511
Apr,South,Furniture,A,1629,2161
Apr,West,Furniture,C,9736,2349
Oct,South,Electronics,C,1758,331
Jun,West,Clothing,E,5507,1467
Nov,North,Furniture,A,7677,2301
Aug,South,Clothing,D,3894,2010
Oct,North,Electronics,D,5632,580
Aug,East,Furniture,A,2211,1012
Apr,West,Furniture,E,2931,1805
Sep,West,Electronics,E,1586,2983
Mar,South,Clothing,B,6171,1360
Oct,South,Electronics,D,1272,189
Mar,East,Clothing,C,7756,1170
Jul,West,Electronics,A,2824,2446
May,North,Clothing,E,1927,1761
May,East,Clothing,C,7334,1779
Aug,North,Furniture,D,1106,2707
Apr,South,Clothing,C,4149,1241
Apr,West,Clothing,D,2594,2763
Nov,West,Furniture,A,7057,2298
Sep,North,Furniture,D,3868,1971
Jan,South,Furniture,C,8715,1350
Mar,West,Furniture,E,6276,2357
Apr,South,Furniture,D,5604,715
Jan,North,Clothing,B,5439,1063
Aug,West,Furniture,A,1723,2759
Dec,South,Furniture,C,4452,2551
Aug,West,Furniture,B,2088,1823
Jul,North,Electronics,A,4671,1863
Nov,South,Electronics,A,2780,1255
Feb,North,Furniture,C,3170,1309
Jan,North,Electronics,A,9055,1382
Apr,West,Furniture,C,5314,2889
May,East,Clothing,E,8143,1595
May,South,Electronics,B,1227,1924
Nov,North,Electronics,E,9790,368
Sep,South,Clothing,D,2113,1970
Nov,North,Furniture,E,3327,2545
Jun,South,Electronics,A,1099,2382
Oct,West,Electronics,A,5599,262
May,East,Clothing,E,3402,499
Mar,West,Electronics,E,7924,2169
Nov,South,Clothing,B,7215,355
Apr,West,Furniture,C,3588,680
Dec,North,Electronics,A,7814,957
Jan,East,Furniture,B,4259,2576
Apr,East,Clothing,C,7121,2043
Jul,South,Electronics,B,5514,2197
May,West,Electronics,E,1011,2378
Sep,East,Furniture,E,7677,1923
Nov,North,Furniture,D,8121,1026
Apr,West,Furniture,A,3397,2664
Mar,West,Furniture,C,6562,1101
Dec,West,Clothing,E,4595,1565
Nov,West,Electronics,D,4579,1729
Feb,East,Electronics,D,6669,2739
Jun,East,Electronics,C,8391,2936
Feb,West,Clothing,A,4378,873
Nov,East,Furniture,C,2444,678
Sep,North,Clothing,B,9526,1614
Jun,West,Electronics,E,8286,1037
Jan,West,Furniture,B,9190,2354
Jun,East,Furniture,D,2335,2074
Feb,North,Furniture,E,3556,2725
May,East,Electronics,B,3939,238
Apr,West,Clothing,E,3859,590
May,East,Electronics,B,4725,1559
Aug,West,Furniture,C,5434,2344
Apr,South,Clothing,B,8183,1722
Oct,South,Clothing,E,9028,1595
Aug,East,Electronics,B,4921,2544
Mar,South,Furniture,E,8303,2020
Jul,East,Electronics,C,1458,1187
Mar,East,Electronics,B,9169,1955
Nov,South,Electronics,E,6009,587
Aug,North,Furniture,C,7779,855
Feb,East,Clothing,A,7231,1286
Apr,North,Electronics,C,6376,1321
Mar,South,Clothing,B,1978,2922
Feb,South,Furniture,B,9055,287
Jan,North,Furniture,C,4882,568
Aug,South,Furniture,B,3550,2577
Feb,West,Clothing,B,6379,1428
Feb,East,Clothing,C,6673,342
Mar,West,Electronics,E,9245,2158
Dec,West,Furniture,D,4246,1214
Aug,West,Clothing,A,4182,1055
Sep,East,Furniture,C,5923,1168
Feb,North,Furniture,B,2043,1483
Jun,East,Electronics,D,2466,2657
Jan,North,Electronics,A,9961,472
Jun,North,Electronics,A,8355,1433
Feb,North,Clothing,A,6867,759
Feb,South,Furniture,A,5614,1598
Dec,West,Clothing,C,2814,459
Oct,North,Clothing,D,4406,515
Oct,East,Clothing,E,2639,216
Sep,West,Electronics,E,6513,1974
Apr,South,Furniture,B,3029,1097
Aug,East,Furniture,D,1719,2096
Aug,West,Clothing,D,1787,1041
Mar,East,Electronics,E,5816,926
Jan,East,Electronics,B,7738,2319
Jan,West,Electronics,A,6010,564
Sep,East,Clothing,C,3958,2250
May,West,Clothing,B,6386,164
May,East,Electronics,E,5084,2382
Nov,East,Electronics,A,1961,447
May,South,Electronics,B,4472,2394
Jan,North,Furniture,A,8774,2870
Sep,West,Furniture,E,4225,818
Aug,South,Furniture,E,6320,1917
Jul,East,Furniture,A,7350,1512
Oct,South,Furniture,A,5132,1945
Jul,South,Furniture,D,3484,1358
Dec,East,Clothing,A,4516,545
Nov,East,Furniture,D,5270,2731
May,North,Clothing,B,6220,1338
Mar,North,Clothing,A,4916,558
Aug,North,Clothing,B,1989,1724
Aug,North,Electronics,B,4599,2469
May,East,Clothing,C,4268,843
Apr,South,Electronics,E,8733,744
Dec,North,Furniture,B,3016,534
Dec,East,Furniture,A,8659,764
Jan,South,Electronics,B,6195,175
Aug,North,Furniture,D,6606,1103
Aug,West,Clothing,A,3341,1327
Jan,East,Furniture,B,1396,1451
Apr,South,Clothing,C,9198,149
Apr,East,Clothing,D,2344,1344
Nov,North,Clothing,A,1650,2980
Apr,West,Electronics,B,4022,2940
Oct,South,Clothing,D,4838,2649
Jun,North,Clothing,E,4878,2007
Mar,North,Electronics,E,9511,2234
Sep,South,Furniture,E,2648,532
Nov,East,Clothing,A,1909,504
Mar,South,Clothing,E,5326,710
Nov,South,Electronics,A,2294,1721
Jan,North,Electronics,E,4938,1375
Jun,North,Clothing,C,7162,1928
Oct,East,Furniture,C,7856,918
Dec,North,Furniture,B,6860,1922
Nov,North,Electronics,A,6196,2193
Sep,South,Furniture,C,1129,1182
May,South,Electronics,E,2595,1159
Mar,West,Electronics,C,5569,2775
Aug,South,Furniture,E,7731,696
Apr,North,Electronics,A,3484,2939
Sep,West,Furniture,A,4085,233
Jan,North,Clothing,B,8469,122
Feb,West,Furniture,B,6014,1466
Apr,South,Clothing,B,9750,2760
Apr,East,Clothing,D,6620,1392
Jul,South,Electronics,D,3923,357
Aug,East,Electronics,E,2466,2540
Dec,South,Electronics,D,6606,2516
Apr,North,Clothing,D,9989,2130
Mar,North,Furniture,D,3988,2659
Jun,West,Electronics,D,3341,2721
Aug,North,Electronics,C,4769,701
Nov,East,Electronics,A,4301,2296
Oct,West,Furniture,E,6219,2882
Dec,North,Furniture,E,1504,1218
Jul,East,Clothing,A,8935,1660
Jun,North,Electronics,A,4115,2450
May,West,Furniture,E,1638,2312
Jan,East,Furniture,A,1678,237
Feb,North,Furniture,C,9314,387
Mar,West,Electronics,A,2620,2188
Sep,East,Furniture,A,3857,331
Jan,West,Furniture,B,1612,2757
Aug,West,Furniture,A,5377,1656
Dec,South,Clothing,A,7758,2799
Jan,East,Clothing,E,4168,790
Nov,West,Clothing,C,2001,603
Jul,North,Clothing,D,5831,2214
Sep,West,Clothing,D,7736,2639
Dec,East,Electronics,E,7490,2905
Feb,North,Clothing,C,5103,565
May,South,Clothing,E,3878,2148
Jun,North,Clothing,B,7600,542
Jan,East,Furniture,D,5457,2112
Mar,West,Furniture,C,6420,478
Nov,East,Clothing,E,8621,1663
Jun,North,Furniture,C,3786,785
Jan,North,Furniture,A,3786,2640
Jan,East,Furniture,A,1409,2261
May,West,Furniture,B,6955,1598
Oct,South,Clothing,B,1723,1070
May,North,Electronics,A,5982,2225
Mar,South,Electronics,D,8388,1316
Jul,West,Clothing,E,9215,520
Oct,East,Electronics,C,7450,2640
Jun,East,Clothing,C,5047,1103
Feb,East,Electronics,C,5978,2351
Dec,South,Clothing,A,6392,2855
Oct,North,Electronics,E,5698,2275
Jan,West,Clothing,C,6385,1828
Oct,North,Electronics,B,7530,846
Nov,North,Electronics,A,9819,1022
May,South,Furniture,D,5984,883
Jan,West,Furniture,E,4263,2754
Feb,South,Furniture,C,8010,476
Jul,West,Clothing,C,4448,811
Jan,South,Clothing,E,1439,2617
Jun,North,Electronics,B,5289,1174
May,South,Electronics,E,9271,1377
Jan,West,Clothing,C,5448,1572
Mar,East,Electronics,E,9287,184
Feb,East,Electronics,B,1938,2580
May,West,Furniture,E,5080,1829
Feb,North,Electronics,B,5442,2126
Mar,West,Clothing,B,7846,149
Apr,South,Clothing,D,3370,1173
May,South,Clothing,C,5668,2351
Jun,West,Furniture,D,9190,1051
Dec,South,Electronics,B,6979,1474
Oct,West,Electronics,E,9363,377
Sep,North,Electronics,C,5441,510
Mar,West,Electronics,B,7772,1293
Jun,South,Furniture,E,5884,2171
Sep,East,Clothing,B,5413,1694
Oct,South,Furniture,D,8149,294
Aug,West,Clothing,D,7441,1485
Sep,West,Clothing,E,8543,513
Sep,East,Furniture,A,1259,1242
Jan,South,Electronics,D,3925,881
Jun,South,Clothing,A,7718,1263
Sep,East,Furniture,E,1632,239
Aug,East,Clothing,B,9227,581
May,East,Furniture,A,5934,2381
Nov,East,Electronics,A,4767,875
Dec,East,Clothing,E,5087,1742
Jan,West,Furniture,A,1125,296
Oct,West,Clothing,E,4890,2148
Apr,North,Electronics,C,5862,2221
Nov,North,Electronics,B,4932,1335
Dec,East,Furniture,A,8355,239
May,East,Electronics,E,6998,2784
Oct,West,Electronics,D,9810,515
Sep,East,Electronics,D,8259,1724
Nov,South,Clothing,D,4672,1353
Mar,North,Furniture,D,1162,1601
Apr,South,Clothing,E,9613,2597
Mar,East,Furniture,C,4145,301
Jan,North,Clothing,E,2414,502
Jan,West,Electronics,B,4135,1301
Jun,East,Electronics,C,9624,1224
Dec,West,Clothing,D,7443,2923
Aug,East,Furniture,D,9052,2235
Oct,South,Clothing,A,9675,2824
Oct,West,Clothing,C,7543,284
Jun,West,Clothing,C,5507,1009
May,East,Furniture,B,4831,2570
Aug,West,Electronics,E,6441,306
Feb,East,Clothing,C,2448,2968
Jan,East,Electronics,B,3260,2744
Feb,West,Electronics,D,6710,767
Sep,South,Electronics,B,1387,1806
Feb,South,Furniture,A,3884,1826
Oct,East,Furniture,A,7614,378
Apr,East,Electronics,C,5952,2858
Jun,East,Furniture,A,8405,2228
Jul,North,Electronics,A,4741,246
Sep,West,Electronics,A,9329,1303
Dec,North,Electronics,B,9468,2544
Apr,North,Electronics,E,6707,2341
Jul,West,Clothing,E,8390,835
Jul,South,Clothing,B,2790,2964
Oct,West,Furniture,D,4063,1568
Aug,West,Electronics,E,9762,2298
Jun,East,Furniture,C,9230,1520
Mar,North,Clothing,C,4483,842
Sep,North,Electronics,D,4953,128
Nov,West,Electronics,C,3115,1286
Jun,West,Clothing,C,5917,2976
Apr,West,Furniture,A,9208,853
Jul,North,Clothing,B,4553,2525
May,North,Electronics,D,7335,2694
Jul,South,Clothing,E,6750,2124
Sep,North,Electronics,C,8259,414
Apr,West,Furniture,B,3663,732
Jun,East,Furniture,C,5006,714
Jan,East,Furniture,B,4121,2547
Feb,West,Furniture,A,8147,893
Oct,West,Clothing,B,6118,502
Jan,East,Clothing,B,7724,2382
Mar,East,Electronics,A,9922,909
Mar,North,Electronics,C,5365,1635
Apr,North,Furniture,E,6766,1854
Sep,West,Electronics,A,2550,602
Oct,East,Clothing,D,2699,2722
Apr,North,Electronics,C,8733,150
Oct,West,Electronics,C,5658,2078
Jun,West,Furniture,B,1197,1488
Jan,North,Furniture,A,6958,1246
Feb,South,Electronics,C,5470,990
Dec,East,Electronics,B,1168,2190
Dec,North,Furniture,E,6989,2979
Dec,North,Electronics,C,4258,493
Apr,West,Clothing,C,2206,998
Jul,West,Furniture,A,9437,432
Dec,East,Electronics,B,5560,2915
Sep,East,Furniture,B,9548,1964
Aug,South,Clothing,B,8366,1213
Jan,South,Furniture,B,1346,2188
Apr,North,Furniture,E,1201,878
May,East,Clothing,E,7025,2442
Oct,South,Electronics,C,3994,2864
Sep,South,Electronics,A,5135,911
Dec,South,Clothing,A,2422,1255
Sep,East,Furniture,E,7801,900
Mar,South,Furniture,A,9006,682
Jul,West,Furniture,D,8636,2472
Sep,South,Electronics,A,1331,138
Jun,South,Clothing,D,5742,2774
Nov,West,Furniture,A,6488,1837
Jul,South,Furniture,C,2727,1667
Aug,West,Furniture,D,8449,331
Feb,South,Electronics,D,3597,1705
Jan,South,Furniture,B,9684,1413
Oct,South,Electronics,A,6917,1968
Jul,South,Furniture,A,6710,824
Dec,East,Furniture,C,8126,1874
Jul,East,Electronics,E,8019,1540
Jul,West,Clothing,D,8548,2354
Nov,North,Electronics,C,1604,214
Jan,South,Electronics,E,4762,2816
Aug,North,Electronics,E,7727,2105
May,East,Electronics,A,8393,2690
May,West,Furniture,B,6230,1698
Jun,East,Clothing,D,4443,2013
Jun,West,Furniture,D,6467,2471
Jul,East,Clothing,B,3077,2340
Jan,North,Clothing,A,4856,2912
Feb,East,Furniture,E,8081,1857
Feb,East,Clothing,A,2416,2696
Dec,East,Electronics,C,6746,808
Aug,West,Clothing,B,4008,2131
Jan,West,Electronics,A,4094,1158
Apr,North,Electronics,A,4292,2859
Oct,East,Furniture,D,6345,2403
Apr,North,Clothing,E,9214,1281
Apr,North,Furniture,A,2115,2340
Oct,North,Electronics,A,6982,198
Feb,South,Electronics,A,3729,2464
Jul,South,Clothing,E,3228,2235
Sep,East,Clothing,E,7293,2702
Nov,East,Electronics,A,1848,868
Jun,West,Furniture,C,2176,363
Feb,South,Electronics,E,2126,2401
Mar,East,Electronics,B,8906,920
Sep,West,Clothing,E,6622,1617
Dec,South,Electronics,B,1007,1506
Aug,North,Electronics,A,7687,2146
Oct,East,Clothing,C,1197,2526
Jan,West,Furniture,C,3314,1083
Mar,West,Electronics,B,6857,1575
May,West,Electronics,A,9737,293
May,West,Clothing,B,9335,2931
Mar,East,Electronics,A,1183,308
Jun,West,Electronics,E,8141,707
May,East,Clothing,D,5073,471
Jul,East,Furniture,E,8083,1563
Dec,South,Electronics,C,2282,2697
Dec,South,Electronics,B,7737,2285
Nov,West,Clothing,A,9983,169
Sep,West,Furniture,D,9116,2702
Aug,South,Clothing,E,2147,2450
Sep,West,Electronics,D,9534,1771
Jan,South,Furniture,B,1031,2018
Dec,West,Furniture,A,8975,1101
Jan,West,Clothing,D,7212,2971
Sep,West,Electronics,D,7604,950
Mar,South,Furniture,D,2614,588
Jul,East,Electronics,D,2011,428
Jun,East,Clothing,C,5565,1472
Apr,North,Furniture,B,5049,1403
Dec,South,Electronics,E,5493,905
Sep,South,Clothing,D,5934,1715
Sep,East,Clothing,A,9740,1310
Mar,East,Clothing,C,3351,2382
Nov,West,Electronics,D,8373,2788
Jan,South,Electronics,A,2042,2982
Apr,South,Electronics,D,5314,164
Oct,North,Furniture,E,5529,2839
Oct,East,Furniture,E,5364,2836
Jul,South,Furniture,D,5057,1879
Mar,East,Clothing,C,3463,1166
Sep,South,Furniture,C,6220,1243
Jul,South,Electronics,D,3973,1365
Mar,East,Clothing,E,1558,1046
Aug,North,Furniture,D,2448,1514
Aug,North,Electronics,B,7746,847
Jun,South,Clothing,E,1963,1991
Jan,North,Clothing,E,1967,249
May,South,Clothing,D,3014,1717
Jan,North,Electronics,C,4242,1874
Apr,West,Electronics,C,9998,2224
Jun,South,Clothing,E,1108,2319
Apr,South,Clothing,C,3113,1260
Jan,West,Furniture,A,9011,2050
Feb,South,Furniture,E,9683,405
Mar,North,Clothing,B,6432,659
Nov,West,Furniture,C,3595,296
Nov,South,Clothing,B,5050,119
Dec,West,Furniture,D,9011,1118
Jul,North,Electronics,D,6158,187
Mar,West,Clothing,D,2492,2663
Sep,West,Furniture,D,9963,779
May,South,Electronics,E,7308,816
May,West,Clothing,D,8191,1824
Jun,North,Furniture,E,7099,2590
Jan,North,Furniture,A,7036,2996
Feb,East,Furniture,A,3112,1170
Dec,North,Furniture,C,8403,1631
Mar,South,Clothing,A,7782,1211
Dec,West,Clothing,C,3681,1959
Jun,North,Furniture,C,2498,551
May,North,Electronics,D,9692,161
May,East,Electronics,A,8427,1676
Aug,East,Clothing,E,4307,179
Feb,North,Clothing,A,6795,2065
Jul,West,Electronics,E,5109,2679
Apr,North,Electronics,D,2496,1207
May,East,Furniture,C,4946,2077
Apr,North,Electronics,A,3035,2618
Feb,South,Electronics,D,2201,192
Oct,North,Clothing,E,3484,1541
Jan,West,Electronics,B,7917,1101
Nov,East,Furniture,B,6429,291
Feb,North,Furniture,C,7023,1735
Jan,East,Furniture,B,1550,2006
Aug,South,Clothing,D,2417,764
Sep,North,Electronics,C,9601,2083
Jan,North,Electronics,B,6672,2769
Oct,North,Furniture,A,6954,253
Jan,East,Furniture,E,2479,905
Jul,West,Clothing,E,8689,1001
May,East,Furniture,B,3728,1438
Dec,North,Clothing,A,9908,1399
May,West,Clothing,A,6016,1564
Jun,South,Electronics,A,4086,2631
Feb,West,Furniture,D,5596,406
May,East,Electronics,A,5064,1700
Jun,South,Furniture,A,7884,184
Aug,South,Furniture,D,5295,2563
Feb,East,Electronics,D,7523,1496
Jan,North,Clothing,D,5302,2726
Mar,West,Furniture,C,4053,1012
Aug,East,Clothing,B,9458,1938
Jun,East,Furniture,A,7746,318
Jul,South,Electronics,E,9732,417
Apr,South,Furniture,A,8560,2913
Oct,East,Furniture,C,8938,437
Sep,South,Furniture,C,5256,229
Jun,East,Clothing,D,3639,244
Apr,South,Clothing,C,6124,2335
May,West,Clothing,E,6874,1734
Jun,West,Clothing,B,6273,477
Aug,South,Electronics,E,6071,2978
Apr,South,Furniture,B,7697,2710
Jan,South,Clothing,D,4000,1292
Mar,East,Furniture,D,2130,2604
Dec,South,Electronics,B,1704,1357
May,North,Furniture,B,1778,1519
Sep,East,Clothing,C,1869,2675
Dec,West,Electronics,E,4546,2865
Jun,South,Furniture,B,2994,2392
Sep,East,Furniture,A,4014,1108
Nov,East,Clothing,A,5697,1232
Nov,East,Electronics,C,2442,2805
Dec,West,Clothing,D,6843,1122
Jul,West,Clothing,C,1758,1199
May,East,Clothing,D,9046,257
Jul,West,Electronics,E,1395,369
Dec,West,Electronics,C,7145,1432
May,South,Furniture,A,9176,2410
Jun,West,Electronics,D,2391,1579
Jun,West,Electronics,A,4613,1854
Feb,North,Furniture,E,4538,2114
Feb,East,Clothing,B,5752,1474
May,East,Furniture,C,9998,2420
Sep,South,Clothing,C,1032,670
Aug,South,Electronics,E,8686,1212
Sep,East,Electronics,B,1308,2743
Aug,East,Clothing,B,1132,344
Nov,North,Clothing,A,9555,858
Feb,North,Clothing,D,5518,784
Mar,West,Clothing,B,3176,2526
May,West,Electronics,B,7281,1881
Oct,South,Clothing,C,6000,629
May,West,Furniture,A,2616,168
Dec,North,Clothing,C,7099,1666
Feb,East,Electronics,D,4235,1177
Jan,North,Furniture,E,1782,384
Jul,East,Furniture,D,4497,647
Nov,South,Furniture,A,3303,1828
Oct,West,Electronics,B,8705,1463
Jul,West,Clothing,E,5657,1782
Mar,South,Electronics,E,2047,1520
Feb,South,Clothing,A,8752,1138
Nov,North,Furniture,D,7995,2701
Mar,West,Clothing,B,1122,2378
Apr,North,Electronics,C,4167,2258
Aug,North,Clothing,C,7717,2399
May,East,Furniture,C,4867,1075
May,East,Electronics,A,6806,2775
Sep,North,Electronics,B,2591,2137
Feb,South,Furniture,A,5049,1969
Aug,West,Furniture,E,4918,563
Oct,South,Electronics,D,6636,302
Nov,East,Furniture,E,3132,2456
Aug,East,Furniture,C,8961,1051
Feb,East,Furniture,D,5662,1080
Jan,West,Electronics,A,3225,828
Dec,North,Electronics,D,6915,407
Feb,East,Furniture,E,9783,2280
Dec,East,Electronics,A,9444,2301
Aug,East,Electronics,D,3267,2285
Dec,East,Electronics,D,6142,1863
Jun,North,Clothing,B,4625,2391
Oct,East,Furniture,D,4655,1971
Dec,West,Electronics,C,3900,998
Sep,West,Furniture,A,2728,2035
Feb,North,Furniture,B,3880,313
Mar,South,Clothing,B,7151,290
Oct,West,Furniture,E,3028,2764
Sep,West,Furniture,D,7608,1940
Mar,West,Electronics,B,8767,1317
Mar,West,Furniture,A,6156,2899
Oct,East,Furniture,D,9622,2508
Mar,West,Electronics,E,4443,607
Jun,East,Electronics,B,6565,685
Mar,East,Clothing,B,5357,1047
Mar,North,Clothing,E,3047,951
Nov,South,Electronics,B,6613,1887
Oct,East,Furniture,B,6262,2942
May,East,Electronics,C,4604,1954
Jul,South,Furniture,C,8664,1956
Jun,South,Furniture,A,5297,2938
Jan,South,Electronics,B,8464,397
Apr,West,Furniture,A,1227,306
Sep,West,Furniture,A,9963,465
May,East,Electronics,B,4810,734
Mar,North,Electronics,D,3429,2515
Feb,North,Clothing,C,7583,2373
Mar,South,Clothing,D,4707,560
Jun,West,Clothing,B,4273,708
Dec,North,Furniture,B,9697,1902
Dec,West,Furniture,E,5895,1557
May,West,Furniture,C,8621,1671
Dec,West,Furniture,E,3548,1753
Jul,North,Clothing,C,2455,685
Dec,North,Clothing,D,3892,186
Feb,West,Electronics,B,6158,611
Feb,South,Clothing,A,1812,1889
Mar,West,Electronics,B,6791,804
Oct,North,Furniture,D,9154,2053
Jun,West,Electronics,B,9819,433
Feb,South,Electronics,A,5547,2575
Oct,East,Furniture,B,9308,2223
Dec,East,Clothing,B,5631,1460
Jun,North,Furniture,A,8098,2644
Jul,South,Clothing,E,5375,1760
May,South,Electronics,C,2992,2991
Feb,North,Electronics,B,2685,764
Dec,South,Furniture,E,6741,255
Oct,East,Furniture,E,7193,772
May,North,Clothing,E,9840,1535
Oct,North,Clothing,E,2564,2058
Aug,North,Electronics,D,1874,1313
Sep,West,Furniture,A,5851,798
Aug,South,Electronics,C,3602,1154
Aug,East,Furniture,C,9230,210
Dec,East,Furniture,D,2654,1683
Mar,East,Clothing,B,5276,185
Aug,West,Furniture,C,9016,2187
May,West,Furniture,E,6687,1156
Jul,East,Electronics,B,8656,158
Sep,North,Furniture,D,3776,1338
Oct,West,Electronics,D,5600,1343
Nov,East,Furniture,D,4699,591
Apr,North,Electronics,B,8205,172
May,West,Furniture,A,9469,1831
Jul,East,Clothing,B,5978,2833
Oct,South,Electronics,B,8617,2445
Apr,West,Clothing,C,3317,194
Aug,North,Furniture,E,2969,1663
Mar,West,Clothing,E,4196,1553
Jan,West,Clothing,B,1008,1545
Sep,South,Clothing,E,4853,2936
Feb,South,Electronics,D,9514,2152
Nov,South,Furniture,C,8645,758
Feb,East,Clothing,D,5462,957
Sep,West,Clothing,E,7884,2803
Mar,West,Electronics,D,1113,2760
Aug,West,Clothing,A,6711,822
Oct,East,Electronics,D,2284,483
May,West,Clothing,E,4674,251
Jun,East,Furniture,D,3224,1984
Oct,South,Clothing,D,9622,1766
Oct,West,Furniture,C,2929,1638
Jun,West,Clothing,B,7205,999
May,North,Furniture,D,9615,2784
Jun,North,Clothing,D,9987,2234
May,West,Clothing,B,7218,226
Feb,North,Furniture,A,7760,1412
Sep,West,Furniture,D,5295,2892
Oct,West,Furniture,B,5342,2759
Sep,East,Clothing,D,7672,1524
Dec,East,Electronics,A,8234,2405
Apr,South,Electronics,A,8189,290
Mar,East,Clothing,E,4777,2214
Sep,East,Electronics,C,6201,334
Feb,East,Electronics,B,6692,1017
Sep,East,Electronics,B,1553,2881
Sep,East,Clothing,A,3910,586
Nov,South,Clothing,C,8898,1008
Jun,East,Electronics,B,8766,2530
Nov,South,Clothing,A,9152,2533
Jun,West,Furniture,A,3914,1871
Jul,West,Clothing,E,3170,271
Dec,North,Clothing,B,6274,2546
Dec,West,Clothing,A,8725,2900
Mar,South,Electronics,C,7015,2609
Jan,North,Electronics,A,8637,560
Dec,South,Clothing,E,5646,1368
Apr,South,Furniture,D,5937,2455
Dec,South,Electronics,E,4834,2918
Oct,South,Furniture,E,4344,796
Dec,South,Electronics,B,9597,2849
Oct,North,Clothing,A,1845,2989
Apr,East,Furniture,B,5095,1561
Jul,North,Furniture,A,4380,278
Jun,South,Clothing,E,6714,645
Jul,West,Clothing,E,9634,2802
Aug,West,Electronics,C,5739,2735
Sep,North,Furniture,B,7524,2995
Sep,West,Furniture,E,7208,1114
Sep,West,Clothing,A,4859,2107
Feb,North,Clothing,C,7373,2724
Oct,North,Electronics,E,5640,2027
Sep,South,Electronics,C,1104,388
Jul,South,Furniture,C,4430,2008
Feb,East,Furniture,E,5321,2875
Feb,West,Clothing,C,4250,263
Apr,West,Electronics,A,1140,1195
Aug,West,Furniture,A,4842,1213
Dec,North,Clothing,D,8228,2878
May,North,Furniture,E,4240,2981
Jul,West,Clothing,D,7646,968
Jun,South,Furniture,B,7037,963
Jun,North,Electronics,A,5321,924
Nov,North,Electronics,C,8755,225
Jul,North,Furniture,C,8921,1955
Mar,East,Furniture,D,6435,2791
Jun,South,Electronics,E,2835,2233
Nov,West,Electronics,E,2674,2426
Nov,West,Furniture,C,5980,2754
Feb,South,Furniture,A,5013,477
Sep,North,Clothing,D,7344,2395
Jun,South,Electronics,B,2229,1738
Sep,East,Electronics,A,8344,535
Aug,East,Electronics,D,6078,1557
Oct,North,Clothing,D,3393,2097
May,East,Clothing,D,7572,846
Mar,West,Furniture,B,6231,2826
Aug,South,Clothing,A,6952,1879
Dec,South,Clothing,A,7083,1697
May,West,Electronics,E,5945,420
Jan,East,Clothing,E,5067,2969
Jan,East,Clothing,D,3355,1568
Aug,South,Electronics,C,6957,938
May,East,Furniture,D,5749,1656
May,North,Clothing,B,8784,702
May,North,Furniture,E,5406,341
Apr,North,Furniture,C,2238,2505
May,North,Clothing,E,5857,395
Aug,West,Electronics,C,3004,2432
Aug,North,Furniture,B,5252,2087
Mar,South,Furniture,D,8100,786
Apr,East,Furniture,E,8959,1879
Jan,South,Furniture,B,1378,2134
Jan,North,Furniture,D,3792,1400
Apr,South,Furniture,C,8662,925
Jun,West,Electronics,A,6257,2589
Feb,West,Electronics,B,2269,2866
Sep,East,Electronics,D,8010,1669
Jan,East,Clothing,C,2300,941
May,North,Clothing,D,9857,2654
Aug,South,Clothing,B,2947,2605
Nov,East,Clothing,D,6150,2812
Jan,North,Furniture,B,8170,1319
Jan,West,Clothing,E,8242,283
Jan,East,Clothing,A,4181,2749
Jan,South,Furniture,A,3383,1460
Sep,East,Clothing,C,5450,584
Oct,South,Furniture,B,7476,716
Apr,South,Electronics,B,3084,1586
Aug,West,Furniture,B,3250,1401
Dec,West,Clothing,C,7081,2424
Aug,North,Electronics,D,2447,1019
Apr,West,Clothing,B,2397,356
Jun,East,Furniture,C,9075,140
Nov,West,Clothing,D,3075,1839
Apr,South,Electronics,E,8938,2147
Oct,West,Furniture,A,7064,2016
Mar,North,Electronics,C,2364,300
Mar,North,Furniture,C,8787,1411
Oct,North,Clothing,B,6129,306
Mar,South,Clothing,A,8919,105
Dec,North,Furniture,D,8546,430
Jun,South,Furniture,C,5389,2849
Aug,North,Furniture,B,5672,671
Jun,East,Clothing,D,1005,1508
Nov,East,Clothing,C,5591,590
Jan,East,Furniture,E,2723,808
May,South,Furniture,C,8325,1987
May,West,Electronics,A,7882,2459
Feb,North,Furniture,A,3025,2681
Jul,South,Clothing,A,1419,569
May,South,Clothing,D,4721,2003
Oct,West,Electronics,A,7186,2590
Jul,South,Electronics,D,3783,2200
Aug,East,Clothing,B,9634,2798
Jan,South,Furniture,B,8007,2011
Sep,East,Electronics,A,8543,1996
Feb,North,Electronics,B,7934,2021
Mar,West,Electronics,C,5986,2041
Jan,North,Furniture,A,4296,777
Jun,South,Electronics,A,2730,111
Nov,West,Furniture,E,3182,1778
Jun,West,Electronics,A,2860,1821
Nov,West,Clothing,A,7354,1726
Jul,North,Clothing,D,8538,1313
Jan,North,Furniture,C,1197,2382
Oct,South,Electronics,A,2215,1930
Apr,South,Clothing,D,3067,434
Dec,South,Furniture,C,9829,2135
May,East,Furniture,B,4221,1885
Nov,South,Clothing,E,8803,426
Dec,East,Clothing,B,6066,1782
Jul,North,Clothing,E,7237,1464
Jun,East,Clothing,A,6031,2609
Oct,West,Electronics,A,6368,1555
Dec,South,Electronics,D,4723,688
Aug,South,Furniture,D,8800,2921
Apr,East,Clothing,D,6208,2045
Sep,South,Clothing,D,6061,1162
Mar,North,Electronics,E,2720,2620
Dec,West,Electronics,E,8907,2238
Apr,East,Electronics,A,8962,450
Sep,South,Furniture,E,8033,2179
Nov,North,Electronics,A,4198,1959
Sep,North,Clothing,D,7162,2622
Sep,North,Clothing,C,5866,2788
Jun,North,Clothing,B,2682,925
Sep,South,Electronics,D,2064,1969
Dec,West,Electronics,D,9099,1903
Jun,South,Clothing,E,9645,1819
Oct,East,Clothing,C,4226,2829
Aug,North,Furniture,C,1964,2770
Jun,East,Furniture,B,8403,207
Apr,East,Electronics,E,5392,1253
Oct,North,Electronics,E,2397,1995
May,North,Clothing,D,3198,441
Sep,North,Electronics,D,4841,870
Sep,South,Furniture,C,8664,1445
Dec,South,Furniture,C,7868,1146
Mar,North,Clothing,C,1454,963
Jan,East,Furniture,D,7936,1925
May,North,Electronics,E,9493,453
Jan,East,Clothing,C,3712,2934
May,North,Clothing,E,4612,395
Mar,South,Furniture,B,5155,646
Oct,South,Clothing,B,1938,2392
Mar,East,Furniture,A,7433,769
Feb,East,Electronics,B,1961,1081
Aug,South,Electronics,D,5666,2290
Dec,South,Clothing,E,9808,1290
Aug,North,Clothing,A,2729,1738
Feb,South,Electronics,A,2956,675
Feb,East,Clothing,C,7746,1755
Apr,South,Clothing,B,4043,2301
